step,coverage,distance,uncertainty,siren
0,0.0,5.2166385056939015,0.002151165658002396,
