step,coverage,distance,uncertainty,siren
0,0.0,4.721839083066192,0.0021409103002276325,
1,0.0,12.265408295836238,0.0023380757312426188,
2,0.0,24.714953090261368,0.0024059691165855233,
