step,coverage,distance,uncertainty,siren
0,0.0,4.3911607530028505,0.002138706080198689,
1,0.0,9.337313644769747,0.0025183287862494278,
