step,coverage,distance,uncertainty,siren
0,0.0,4.269757530073472,0.001877157976633882,
